condition,mse,ber,n_samples
Awgn_Tb0d3,0.015031271704605647,0.017571427779538292,700
Awgn_Tb0d5,0.01542464311101607,0.01850000020648752,700
kb2_Tb0d3_m1d2,0.020705034003726072,0.02518571339547634,700
kb2_Tb0d3_m1d4,0.0361507947742939,0.04549999865038054,700
kb2_Tb0d5_m1d2,0.02150500822812319,0.02641428520636899,700
kb2_Tb0d5_m1d4,0.03843958815293653,0.04841428376734257,700
ALL,0.0245427233291169,0.030264284834265708,4200
