condition,mse,ber,n_samples
Awgn_Tb0d3,0.015274434238672257,0.016642856762877533,700
Awgn_Tb0d5,0.015572978492294038,0.01732857119292021,700
kb2_Tb0d3_m1d2,0.021752717840884412,0.024399999757962566,700
kb2_Tb0d3_m1d4,0.0363669482086386,0.04429999934775489,700
kb2_Tb0d5_m1d2,0.022517121067004545,0.02581428452794041,700
kb2_Tb0d5_m1d4,0.03846101293606417,0.04697142640394824,700
ALL,0.02499086879725967,0.029242856332233974,4200
