condition,mse,ber,n_samples
Awgn_Tb0d3,0.018501181357673237,0.019228571738515582,700
Awgn_Tb0d5,0.018604939335158895,0.019514285496303012,700
kb2_Tb0d3_m1d2,0.024445643504815442,0.02667142937225955,700
kb2_Tb0d3_m1d4,0.03865051504756723,0.04527142743979182,700
kb2_Tb0d5_m1d2,0.02496189320726054,0.027585713299257415,700
kb2_Tb0d5_m1d4,0.04108752178294318,0.04902857084359442,700
ALL,0.02770860886999539,0.031216665871796154,4200
