condition,mse,ber,n_samples
Awgn_Tb0d3,0.012356967367231846,0.013871428221464158,700
Awgn_Tb0d5,0.012711628286966255,0.014928571368966784,700
kb2_Tb0d3_m1d2,0.018008993230760096,0.020999999147440707,700
kb2_Tb0d3_m1d4,0.031747814624437265,0.03939999869359391,700
kb2_Tb0d5_m1d2,0.018816391878894397,0.02251428590289184,700
kb2_Tb0d5_m1d4,0.0339575545968754,0.04222856977688415,700
ALL,0.021266558330860875,0.025657142185206924,4200
