condition,mse,ber,n_samples
Awgn_Tb0d3,0.01587831808520215,0.016985714456864767,700
Awgn_Tb0d5,0.016097035381410805,0.016942857312304632,700
kb2_Tb0d3_m1d2,0.02230106438377074,0.024271428372178758,700
kb2_Tb0d3_m1d4,0.0370397565726723,0.044899998903274535,700
kb2_Tb0d5_m1d2,0.023178670102996485,0.025771428208265987,700
kb2_Tb0d5_m1d4,0.03924137044165816,0.04684285505541733,700
ALL,0.025622702494618437,0.029285713718051002,4200
