condition,ber
Awgn_Tb0d3,0.014671
Awgn_Tb0d5,0.013129
kb2_Tb0d3_m1d2,0.025314
kb2_Tb0d3_m1d4,0.048943
kb2_Tb0d5_m1d2,0.022129
kb2_Tb0d5_m1d4,0.0451
OVERALL,0.028214
