condition,ber
Awgn_Tb0d3,0.013729
Awgn_Tb0d5,0.012986
kb2_Tb0d3_m1d2,0.024257
kb2_Tb0d3_m1d4,0.0471
kb2_Tb0d5_m1d2,0.021043
kb2_Tb0d5_m1d4,0.044414
OVERALL,0.027255
