condition,ber
Awgn_Tb0d3,0.014271
Awgn_Tb0d5,0.013486
kb2_Tb0d3_m1d2,0.025157
kb2_Tb0d3_m1d4,0.047643
kb2_Tb0d5_m1d2,0.021243
kb2_Tb0d5_m1d4,0.045614
OVERALL,0.027902
