condition,ber
Awgn_Tb0d3,0.014286
Awgn_Tb0d5,0.0134
kb2_Tb0d3_m1d2,0.025686
kb2_Tb0d3_m1d4,0.049129
kb2_Tb0d5_m1d2,0.021371
kb2_Tb0d5_m1d4,0.045543
OVERALL,0.028236
