condition,ber
Awgn_Tb0d3,0.014486
Awgn_Tb0d5,0.013986
kb2_Tb0d3_m1d2,0.0231
kb2_Tb0d3_m1d4,0.044186
kb2_Tb0d5_m1d2,0.0212
kb2_Tb0d5_m1d4,0.041414
OVERALL,0.026395
