condition,ber
Awgn_Tb0d3,0.016557
Awgn_Tb0d5,0.015857
kb2_Tb0d3_m1d2,0.0255
kb2_Tb0d3_m1d4,0.046986
kb2_Tb0d5_m1d2,0.022057
kb2_Tb0d5_m1d4,0.042914
OVERALL,0.028312
