condition,ber
Awgn_Tb0d3,0.016743
Awgn_Tb0d5,0.016343
kb2_Tb0d3_m1d2,0.0271
kb2_Tb0d3_m1d4,0.049486
kb2_Tb0d5_m1d2,0.024643
kb2_Tb0d5_m1d4,0.045886
OVERALL,0.030033
