condition,ber
Awgn_Tb0d3,0.0154
Awgn_Tb0d5,0.015014
kb2_Tb0d3_m1d2,0.024029
kb2_Tb0d3_m1d4,0.044857
kb2_Tb0d5_m1d2,0.023271
kb2_Tb0d5_m1d4,0.042457
OVERALL,0.027505
