condition,ber
Awgn_Tb0d3,0.012243
Awgn_Tb0d5,0.012414
kb2_Tb0d3_m1d2,0.021614
kb2_Tb0d3_m1d4,0.042214
kb2_Tb0d5_m1d2,0.019943
kb2_Tb0d5_m1d4,0.041814
OVERALL,0.02504
