condition,ber
Awgn_Tb0d3,0.010914
Awgn_Tb0d5,0.011957
kb2_Tb0d3_m1d2,0.018643
kb2_Tb0d3_m1d4,0.038529
kb2_Tb0d5_m1d2,0.019314
kb2_Tb0d5_m1d4,0.039457
OVERALL,0.023136
