condition,ber
Awgn_Tb0d3,0.010771
Awgn_Tb0d5,0.011857
kb2_Tb0d3_m1d2,0.0191
kb2_Tb0d3_m1d4,0.039014
kb2_Tb0d5_m1d2,0.0194
kb2_Tb0d5_m1d4,0.038971
OVERALL,0.023186
