condition,ber
Awgn_Tb0d3,0.0126
Awgn_Tb0d5,0.012486
kb2_Tb0d3_m1d2,0.022586
kb2_Tb0d3_m1d4,0.043643
kb2_Tb0d5_m1d2,0.020471
kb2_Tb0d5_m1d4,0.042957
OVERALL,0.02579
