condition,ber
Awgn_Tb0d3,0.010443
Awgn_Tb0d5,0.011971
kb2_Tb0d3_m1d2,0.018643
kb2_Tb0d3_m1d4,0.0381
kb2_Tb0d5_m1d2,0.018743
kb2_Tb0d5_m1d4,0.0386
OVERALL,0.02275
