condition,ber
Awgn_Tb0d3,0.010443
Awgn_Tb0d5,0.011971
kb2_Tb0d3_m1d2,0.018671
kb2_Tb0d3_m1d4,0.038057
kb2_Tb0d5_m1d2,0.018714
kb2_Tb0d5_m1d4,0.038586
OVERALL,0.02274
