condition,ber
Awgn_Tb0d3,0.0124
Awgn_Tb0d5,0.012943
kb2_Tb0d3_m1d2,0.0223
kb2_Tb0d3_m1d4,0.042529
kb2_Tb0d5_m1d2,0.020586
kb2_Tb0d5_m1d4,0.042243
OVERALL,0.0255
