condition,ber
Awgn_Tb0d3,0.010943
Awgn_Tb0d5,0.012129
kb2_Tb0d3_m1d2,0.019171
kb2_Tb0d3_m1d4,0.038414
kb2_Tb0d5_m1d2,0.018829
kb2_Tb0d5_m1d4,0.039271
OVERALL,0.023126
