condition,ber
Awgn_Tb0d3,0.013743
Awgn_Tb0d5,0.012814
kb2_Tb0d3_m1d2,0.024743
kb2_Tb0d3_m1d4,0.048086
kb2_Tb0d5_m1d2,0.021371
kb2_Tb0d5_m1d4,0.045471
OVERALL,0.027705
