condition,ber
Awgn_Tb0d3,0.011229
Awgn_Tb0d5,0.011943
kb2_Tb0d3_m1d2,0.019871
kb2_Tb0d3_m1d4,0.0384
kb2_Tb0d5_m1d2,0.018871
kb2_Tb0d5_m1d4,0.039271
OVERALL,0.023264
