condition,ber
Awgn_Tb0d3,0.010843
Awgn_Tb0d5,0.0123
kb2_Tb0d3_m1d2,0.019257
kb2_Tb0d3_m1d4,0.0382
kb2_Tb0d5_m1d2,0.018957
kb2_Tb0d5_m1d4,0.0398
OVERALL,0.023226
