condition,ber
Awgn_Tb0d3,0.010629
Awgn_Tb0d5,0.012086
kb2_Tb0d3_m1d2,0.018986
kb2_Tb0d3_m1d4,0.0375
kb2_Tb0d5_m1d2,0.018543
kb2_Tb0d5_m1d4,0.039314
OVERALL,0.022843
