condition,ber
Awgn_Tb0d3,0.010743
Awgn_Tb0d5,0.012157
kb2_Tb0d3_m1d2,0.018886
kb2_Tb0d3_m1d4,0.038914
kb2_Tb0d5_m1d2,0.019157
kb2_Tb0d5_m1d4,0.039529
OVERALL,0.023231
