condition,ber
Awgn_Tb0d3,0.010829
Awgn_Tb0d5,0.012186
kb2_Tb0d3_m1d2,0.019157
kb2_Tb0d3_m1d4,0.038829
kb2_Tb0d5_m1d2,0.019143
kb2_Tb0d5_m1d4,0.039014
OVERALL,0.023193
