condition,ber
Awgn_Tb0d3,0.012
Awgn_Tb0d5,0.012014
kb2_Tb0d3_m1d2,0.021243
kb2_Tb0d3_m1d4,0.042157
kb2_Tb0d5_m1d2,0.019829
kb2_Tb0d5_m1d4,0.041343
OVERALL,0.024764
