condition,ber
Awgn_Tb0d3,0.010529
Awgn_Tb0d5,0.011943
kb2_Tb0d3_m1d2,0.019057
kb2_Tb0d3_m1d4,0.037514
kb2_Tb0d5_m1d2,0.018929
kb2_Tb0d5_m1d4,0.038529
OVERALL,0.02275
