condition,ber
Awgn_Tb0d3,0.010943
Awgn_Tb0d5,0.012114
kb2_Tb0d3_m1d2,0.019486
kb2_Tb0d3_m1d4,0.037829
kb2_Tb0d5_m1d2,0.0184
kb2_Tb0d5_m1d4,0.038757
OVERALL,0.022921
