condition,ber
Awgn_Tb0d3,0.010643
Awgn_Tb0d5,0.011971
kb2_Tb0d3_m1d2,0.019186
kb2_Tb0d3_m1d4,0.038957
kb2_Tb0d5_m1d2,0.0185
kb2_Tb0d5_m1d4,0.039486
OVERALL,0.023124
