condition,ber
Awgn_Tb0d3,0.0133
Awgn_Tb0d5,0.013114
kb2_Tb0d3_m1d2,0.024829
kb2_Tb0d3_m1d4,0.048129
kb2_Tb0d5_m1d2,0.021514
kb2_Tb0d5_m1d4,0.044629
OVERALL,0.027586
