condition,ber
Awgn_Tb0d3,0.0133
Awgn_Tb0d5,0.013143
kb2_Tb0d3_m1d2,0.025114
kb2_Tb0d3_m1d4,0.049129
kb2_Tb0d5_m1d2,0.022029
kb2_Tb0d5_m1d4,0.045314
OVERALL,0.028005
