condition,ber
Awgn_Tb0d3,0.014071
Awgn_Tb0d5,0.013571
kb2_Tb0d3_m1d2,0.026343
kb2_Tb0d3_m1d4,0.052014
kb2_Tb0d5_m1d2,0.022829
kb2_Tb0d5_m1d4,0.047343
OVERALL,0.029362
