condition,ber
Awgn_Tb0d3,0.016929
Awgn_Tb0d5,0.014143
kb2_Tb0d3_m1d2,0.029814
kb2_Tb0d3_m1d4,0.0555
kb2_Tb0d5_m1d2,0.024757
kb2_Tb0d5_m1d4,0.050357
OVERALL,0.031917
