condition,bt,m,n_frames,n_bits,n_errors,ber
Awgn_Tb0d3,0.3,AWGN,700,70000,797,0.011386
Awgn_Tb0d5,0.5,AWGN,700,70000,3722,0.053171
kb2_Tb0d3_m1d2,0.3,1.2,700,70000,1508,0.021543
kb2_Tb0d3_m1d4,0.3,1.4,700,70000,3130,0.044714
kb2_Tb0d5_m1d2,0.5,1.2,700,70000,2728,0.038971
kb2_Tb0d5_m1d4,0.5,1.4,700,70000,4077,0.058243
OVERALL,,,4200,420000,15962,0.038005
