condition,bt,m,n_frames,n_bits,n_errors,ber
Awgn_Tb0d3,0.3,AWGN,700,70000,840,0.012
Awgn_Tb0d5,0.5,AWGN,700,70000,4229,0.060414
kb2_Tb0d3_m1d2,0.3,1.2,700,70000,1549,0.022129
kb2_Tb0d3_m1d4,0.3,1.4,700,70000,3038,0.0434
kb2_Tb0d5_m1d2,0.5,1.2,700,70000,2658,0.037971
kb2_Tb0d5_m1d4,0.5,1.4,700,70000,4016,0.057371
OVERALL,,,4200,420000,16330,0.038881
