condition,bt,m,n_frames,n_bits,n_errors,ber
Awgn_Tb0d3,0.3,AWGN,700,70000,799,0.011414
Awgn_Tb0d5,0.5,AWGN,700,70000,2917,0.041671
kb2_Tb0d3_m1d2,0.3,1.2,700,70000,1516,0.021657
kb2_Tb0d3_m1d4,0.3,1.4,700,70000,2975,0.0425
kb2_Tb0d5_m1d2,0.5,1.2,700,70000,2619,0.037414
kb2_Tb0d5_m1d4,0.5,1.4,700,70000,3657,0.052243
OVERALL,,,4200,420000,14483,0.034483
