epoch,train_ber,val_ber
1,0.261339,0.181847
2,0.174199,0.16423
3,0.162744,0.156289
4,0.1577,0.153895
5,0.155502,0.152027
