condition,bt,m,n_frames,n_bits,n_errors,ber
Awgn_Tb0d3,0.3,AWGN,700,70000,771,0.011014
Awgn_Tb0d5,0.5,AWGN,700,70000,801,0.011443
kb2_Tb0d3_m1d2,0.3,1.2,700,70000,1309,0.0187
kb2_Tb0d3_m1d4,0.3,1.4,700,70000,2589,0.036986
kb2_Tb0d5_m1d2,0.5,1.2,700,70000,1315,0.018786
kb2_Tb0d5_m1d4,0.5,1.4,700,70000,2725,0.038929
OVERALL,,,4200,420000,9510,0.022643
