condition,bt,m,n_frames,n_bits,n_errors,ber
Awgn_Tb0d3,0.3,AWGN,2100,210000,2189,0.010424
Awgn_Tb0d5,0.5,AWGN,2100,210000,2470,0.011762
kb2_Tb0d3_m1d2,0.3,1.2,2100,210000,3989,0.018995
kb2_Tb0d3_m1d4,0.3,1.4,2100,210000,7962,0.037914
kb2_Tb0d5_m1d2,0.5,1.2,2100,210000,3901,0.018576
kb2_Tb0d5_m1d4,0.5,1.4,2100,210000,8242,0.039248
OVERALL,,,12600,1260000,28753,0.02282
