condition,bt,m,n_frames,n_bits,n_errors,ber
Awgn_Tb0d3,0.3,AWGN,700,70000,723,0.010329
Awgn_Tb0d5,0.5,AWGN,700,70000,822,0.011743
kb2_Tb0d3_m1d2,0.3,1.2,700,70000,1321,0.018871
kb2_Tb0d3_m1d4,0.3,1.4,700,70000,2628,0.037543
kb2_Tb0d5_m1d2,0.5,1.2,700,70000,1293,0.018471
kb2_Tb0d5_m1d4,0.5,1.4,700,70000,2757,0.039386
OVERALL,,,4200,420000,9544,0.022724
