condition,bt,m,n_frames,n_bits,n_errors,ber
Awgn_Tb0d3,0.3,AWGN,700,70000,770,0.011
Awgn_Tb0d5,0.5,AWGN,700,70000,833,0.0119
kb2_Tb0d3_m1d2,0.3,1.2,700,70000,1303,0.018614
kb2_Tb0d3_m1d4,0.3,1.4,700,70000,2627,0.037529
kb2_Tb0d5_m1d2,0.5,1.2,700,70000,1315,0.018786
kb2_Tb0d5_m1d4,0.5,1.4,700,70000,2749,0.039271
OVERALL,,,4200,420000,9597,0.02285
