condition,bt,m,n_frames,n_bits,n_errors,ber
Awgn_Tb0d3,0.3,AWGN,2100,210000,2305,0.010976
Awgn_Tb0d5,0.5,AWGN,2100,210000,2435,0.011595
kb2_Tb0d3_m1d2,0.3,1.2,2100,210000,3921,0.018671
kb2_Tb0d3_m1d4,0.3,1.4,2100,210000,7846,0.037362
kb2_Tb0d5_m1d2,0.5,1.2,2100,210000,3911,0.018624
kb2_Tb0d5_m1d4,0.5,1.4,2100,210000,8174,0.038924
OVERALL,,,12600,1260000,28592,0.022692
