condition,bt,m,n_frames,n_bits,n_errors,ber
Awgn_Tb0d3,0.3,AWGN,700,70000,754,0.010771
Awgn_Tb0d5,0.5,AWGN,700,70000,830,0.011857
kb2_Tb0d3_m1d2,0.3,1.2,700,70000,1342,0.019171
kb2_Tb0d3_m1d4,0.3,1.4,700,70000,2665,0.038071
kb2_Tb0d5_m1d2,0.5,1.2,700,70000,1320,0.018857
kb2_Tb0d5_m1d4,0.5,1.4,700,70000,2741,0.039157
OVERALL,,,4200,420000,9652,0.022981
