condition,bt,m,n_frames,n_bits,n_errors,ber
Awgn_Tb0d3,0.3,AWGN,700,70000,712,0.010171
Awgn_Tb0d5,0.5,AWGN,700,70000,818,0.011686
kb2_Tb0d3_m1d2,0.3,1.2,700,70000,1326,0.018943
kb2_Tb0d3_m1d4,0.3,1.4,700,70000,2669,0.038129
kb2_Tb0d5_m1d2,0.5,1.2,700,70000,1288,0.0184
kb2_Tb0d5_m1d4,0.5,1.4,700,70000,2744,0.0392
OVERALL,,,4200,420000,9557,0.022755
