condition,bt,m,n_frames,n_bits,n_errors,ber
Awgn_Tb0d3,0.3,AWGN,2100,210000,2436,0.0116
Awgn_Tb0d5,0.5,AWGN,2100,210000,10868,0.051752
kb2_Tb0d3_m1d2,0.3,1.2,2100,210000,4573,0.021776
kb2_Tb0d3_m1d4,0.3,1.4,2100,210000,9143,0.043538
kb2_Tb0d5_m1d2,0.5,1.2,2100,210000,8005,0.038119
kb2_Tb0d5_m1d4,0.5,1.4,2100,210000,11750,0.055952
OVERALL,,,12600,1260000,46775,0.037123
