condition,ber
Awgn_Tb0d3,0.010414
Awgn_Tb0d5,0.011929
kb2_Tb0d3_m1d2,0.018071
kb2_Tb0d3_m1d4,0.035414
kb2_Tb0d5_m1d2,0.018643
kb2_Tb0d5_m1d4,0.038443
OVERALL,0.022152
