condition,ber
Awgn_Tb0d3,0.0103
Awgn_Tb0d5,0.011943
kb2_Tb0d3_m1d2,0.017729
kb2_Tb0d3_m1d4,0.035929
kb2_Tb0d5_m1d2,0.018414
kb2_Tb0d5_m1d4,0.038314
OVERALL,0.022105
