condition,ber
Awgn_Tb0d3,0.011171
Awgn_Tb0d5,0.0126
kb2_Tb0d3_m1d2,0.018371
kb2_Tb0d3_m1d4,0.035157
kb2_Tb0d5_m1d2,0.019214
kb2_Tb0d5_m1d4,0.037929
OVERALL,0.022407
