condition,ber
Awgn_Tb0d3,0.010529
Awgn_Tb0d5,0.011857
kb2_Tb0d3_m1d2,0.018843
kb2_Tb0d3_m1d4,0.037786
kb2_Tb0d5_m1d2,0.018886
kb2_Tb0d5_m1d4,0.0392
OVERALL,0.02285
