condition,ber
Awgn_Tb0d3,0.010271
Awgn_Tb0d5,0.011829
kb2_Tb0d3_m1d2,0.0177
kb2_Tb0d3_m1d4,0.034986
kb2_Tb0d5_m1d2,0.018843
kb2_Tb0d5_m1d4,0.039386
OVERALL,0.022169
