condition,ber
Awgn_Tb0d3,0.010871
Awgn_Tb0d5,0.012543
kb2_Tb0d3_m1d2,0.017843
kb2_Tb0d3_m1d4,0.035529
kb2_Tb0d5_m1d2,0.019657
kb2_Tb0d5_m1d4,0.038857
OVERALL,0.02255
