condition,ber
Awgn_Tb0d3,0.010614
Awgn_Tb0d5,0.0119
kb2_Tb0d3_m1d2,0.018029
kb2_Tb0d3_m1d4,0.035843
kb2_Tb0d5_m1d2,0.018486
kb2_Tb0d5_m1d4,0.038229
OVERALL,0.022183
