condition,ber
Awgn_Tb0d3,0.011371
Awgn_Tb0d5,0.0121
kb2_Tb0d3_m1d2,0.018429
kb2_Tb0d3_m1d4,0.037043
kb2_Tb0d5_m1d2,0.019543
kb2_Tb0d5_m1d4,0.0394
OVERALL,0.022981
