condition,ber
Awgn_Tb0d3,0.0103
Awgn_Tb0d5,0.012043
kb2_Tb0d3_m1d2,0.018
kb2_Tb0d3_m1d4,0.035443
kb2_Tb0d5_m1d2,0.018614
kb2_Tb0d5_m1d4,0.039229
OVERALL,0.022271
