condition,ber
Awgn_Tb0d3,0.010043
Awgn_Tb0d5,0.011871
kb2_Tb0d3_m1d2,0.017771
kb2_Tb0d3_m1d4,0.0356
kb2_Tb0d5_m1d2,0.018414
kb2_Tb0d5_m1d4,0.038571
OVERALL,0.022045
