condition,ber
Awgn_Tb0d3,0.010314
Awgn_Tb0d5,0.011871
kb2_Tb0d3_m1d2,0.017643
kb2_Tb0d3_m1d4,0.034971
kb2_Tb0d5_m1d2,0.018729
kb2_Tb0d5_m1d4,0.039229
OVERALL,0.022126
