condition,ber
Awgn_Tb0d3,0.010614
Awgn_Tb0d5,0.011786
kb2_Tb0d3_m1d2,0.018586
kb2_Tb0d3_m1d4,0.037671
kb2_Tb0d5_m1d2,0.018843
kb2_Tb0d5_m1d4,0.039143
OVERALL,0.022774
