condition,ber
Awgn_Tb0d3,0.010614
Awgn_Tb0d5,0.0126
kb2_Tb0d3_m1d2,0.017929
kb2_Tb0d3_m1d4,0.035971
kb2_Tb0d5_m1d2,0.019114
kb2_Tb0d5_m1d4,0.039257
OVERALL,0.022581
