condition,ber
Awgn_Tb0d3,0.010424
Awgn_Tb0d5,0.011762
kb2_Tb0d3_m1d2,0.018995
kb2_Tb0d3_m1d4,0.037914
kb2_Tb0d5_m1d2,0.018576
kb2_Tb0d5_m1d4,0.039248
OVERALL,0.02282
