condition,ber
Awgn_Tb0d3,0.011143
Awgn_Tb0d5,0.012329
kb2_Tb0d3_m1d2,0.018357
kb2_Tb0d3_m1d4,0.036786
kb2_Tb0d5_m1d2,0.018929
kb2_Tb0d5_m1d4,0.038943
OVERALL,0.022748
