condition,ber
Awgn_Tb0d3,0.010157
Awgn_Tb0d5,0.011829
kb2_Tb0d3_m1d2,0.018086
kb2_Tb0d3_m1d4,0.035257
kb2_Tb0d5_m1d2,0.017886
kb2_Tb0d5_m1d4,0.038943
OVERALL,0.022026
