condition,ber
Awgn_Tb0d3,0.01031
Awgn_Tb0d5,0.011971
kb2_Tb0d3_m1d2,0.017919
kb2_Tb0d3_m1d4,0.035538
kb2_Tb0d5_m1d2,0.0184
kb2_Tb0d5_m1d4,0.03901
OVERALL,0.022191
