condition,ber
Awgn_Tb0d3,0.010129
Awgn_Tb0d5,0.0119
kb2_Tb0d3_m1d2,0.017814
kb2_Tb0d3_m1d4,0.035186
kb2_Tb0d5_m1d2,0.018471
kb2_Tb0d5_m1d4,0.039314
OVERALL,0.022136
