condition,ber
Awgn_Tb0d3,0.010357
Awgn_Tb0d5,0.012143
kb2_Tb0d3_m1d2,0.018329
kb2_Tb0d3_m1d4,0.0357
kb2_Tb0d5_m1d2,0.017943
kb2_Tb0d5_m1d4,0.039329
OVERALL,0.0223
