condition,ber
Awgn_Tb0d3,0.0104
Awgn_Tb0d5,0.012114
kb2_Tb0d3_m1d2,0.017957
kb2_Tb0d3_m1d4,0.035271
kb2_Tb0d5_m1d2,0.018486
kb2_Tb0d5_m1d4,0.0389
OVERALL,0.022188
