condition,ber
Awgn_Tb0d3,0.010257
Awgn_Tb0d5,0.012343
kb2_Tb0d3_m1d2,0.017729
kb2_Tb0d3_m1d4,0.0353
kb2_Tb0d5_m1d2,0.018529
kb2_Tb0d5_m1d4,0.038457
OVERALL,0.022102
